theta1_x/theta_E,theta1_y/theta_E,theta2_x/theta_E,theta2_y/theta_E
7.855004690888337526e-01,9.209048510075820149e-01,-5.361497129633845393e-01,-6.285710715195832465e-01
5.282452607124934474e-01,1.077679821330693954e+00,-3.667257330282745476e-01,-7.481617949855685623e-01
8.162175196662888599e-01,8.746563305341115147e-01,-5.702890652122619697e-01,-6.111201108819903638e-01
3.661212302912733030e-01,1.146114930188678827e+00,-2.529117938253542253e-01,-7.917213178089457237e-01
6.804576780290372273e-01,9.923163175309464012e-01,-4.700220658066676660e-01,-6.854365533070778671e-01
8.287802135133695014e-01,8.715823973526196644e-01,-5.729426773198577072e-01,-6.025321841687699687e-01
3.820045212876153062e-01,1.143446284950179637e+00,-2.628356587092538499e-01,-7.867405770238279361e-01
9.668696102405452963e-01,6.972062619532791716e-01,-6.804468105913025200e-01,-4.906677924775866839e-01
5.990620760200696671e-01,1.024343372604890057e+00,-4.254234774383706119e-01,-7.274366665966708334e-01
8.905131153633557561e-01,8.091081584741202093e-01,-6.151355962736743122e-01,-5.589038734255940000e-01
6.249830127055375772e-01,1.008133435774555497e+00,-4.442154167314921187e-01,-7.165449383254528515e-01
8.601375187491494545e-01,8.458704349269203782e-01,-5.910244016519308197e-01,-5.812210917211962924e-01
7.504514444206342727e-01,9.300116095066147670e-01,-5.254898037228805663e-01,-6.512235025637505004e-01
3.564217192697923253e-01,1.168911807711778827e+00,-2.386660011540641946e-01,-7.827230827007092273e-01
9.563970431923697335e-01,7.062840107886771968e-01,-6.766007186651292749e-01,-4.996588735638632928e-01
8.989451674320825258e-01,7.862693621628810137e-01,-6.302540487900575306e-01,-5.512565914985820825e-01
8.050479584001122291e-01,8.718992176251464388e-01,-5.716409702852781605e-01,-6.191100909624319693e-01
3.236433080026256959e-01,1.177460802853209643e+00,-2.170414573691192561e-01,-7.896279710631326498e-01
9.566593994923108246e-01,7.266945522371598409e-01,-6.628360091228187034e-01,-5.035013685244664750e-01
4.609563224064540110e-01,1.127778764165178860e+00,-3.105409476117329537e-01,-7.597715208501500950e-01
8.961980026607845318e-01,7.887244700142128639e-01,-6.287974088954199070e-01,-5.533909935135943314e-01
5.135085011535167610e-01,1.072503168352193947e+00,-3.631719924343881911e-01,-7.585134650501449416e-01
8.770843121680110821e-01,8.154358892322771668e-01,-6.115441492692141878e-01,-5.685599893258764803e-01
9.101382427100492833e-01,7.544281194794830725e-01,-6.512554636696701316e-01,-5.398360509432784671e-01
7.683516203518707677e-01,9.248577606416497066e-01,-5.314641727163433860e-01,-6.397185242019870488e-01
6.255342568720110297e-01,1.046123300567481040e+00,-4.210460546461469722e-01,-7.041438315143560001e-01
8.248171861004325311e-01,8.787160153260022977e-01,-5.678739644102723805e-01,-6.049824805095836977e-01
9.101283704024376586e-01,7.578531875079111968e-01,-6.488518742007876039e-01,-5.402913227132075669e-01
3.597145288183407619e-01,1.153091179754736295e+00,-2.465463493825651442e-01,-7.903223197785674836e-01
8.091216707335784353e-01,8.785315961751043456e-01,-5.672093527969573890e-01,-6.158670025811719961e-01
4.267264089561146334e-01,1.120830457347419262e+00,-2.966764190701346449e-01,-7.792439359073534133e-01
4.393264959816388093e-01,1.142984981012809209e+00,-2.929971468828820869e-01,-7.622834985594281187e-01
4.770649307685531637e-01,1.087847852609098886e+00,-3.381031981863707458e-01,-7.709743776696753592e-01
8.358076046534952397e-01,8.569765813446330593e-01,-5.832640585658698251e-01,-5.980367205897793026e-01
3.606642095796479541e-01,1.150922883261496610e+00,-2.479299341579474236e-01,-7.911742476484416864e-01
6.708632335851083539e-01,9.955016076387878110e-01,-4.655277993695830507e-01,-6.908020136926672494e-01
4.878776626389315085e-01,1.108759142685110444e+00,-3.324840909067776629e-01,-7.556090467356848528e-01
6.684253041659213856e-01,9.881587482358678010e-01,-4.696471158879922947e-01,-6.942973332339095194e-01
4.318069327840861615e-01,1.113119702903918373e+00,-3.029176738158882443e-01,-7.808666454433408344e-01
6.739340868195883294e-01,9.839519979152435702e-01,-4.738177724667631541e-01,-6.917797348203089669e-01
7.479797481106701396e-01,9.534590461075047596e-01,-5.093294383731449271e-01,-6.492485414108798425e-01
4.182868568919718144e-01,1.129710581431955019e+00,-2.882331901599763935e-01,-7.784611911143790586e-01
7.801319033279108250e-01,9.085182098088824265e-01,-5.440208169887063017e-01,-6.335503222480020069e-01
3.172014960576639564e-01,1.173366652166834001e+00,-2.147016303155072081e-01,-7.942072667030259936e-01
9.825836014619663272e-01,6.910668470767319382e-01,-6.809103916861343198e-01,-4.788952276673361097e-01
7.833737778498900406e-01,9.147235450739277240e-01,-5.401111507857903060e-01,-6.306726119129902886e-01
7.969267314673503799e-01,8.643063736788531015e-01,-5.765983014746056678e-01,-6.253493167424514221e-01
6.254247186513137713e-01,1.008286041904974617e+00,-4.442578000757557710e-01,-7.162155979215939494e-01
5.803773163821878134e-01,1.039651654091786170e+00,-4.093756326022816028e-01,-7.333299244582531795e-01
7.044608781857326640e-01,9.540136194882464782e-01,-5.008939948046529089e-01,-6.783338972551504753e-01
5.565349085938526841e-01,1.055009014257880073e+00,-3.911615398330562932e-01,-7.415149421579798616e-01
8.444054282303495862e-01,8.174974401531887036e-01,-6.113021195721866086e-01,-5.918222469954979026e-01
5.584229702081675573e-01,1.062568670536718773e+00,-3.875546314477938958e-01,-7.374399540626334071e-01
7.940612174879662089e-01,9.046653449982884343e-01,-5.480242870176427195e-01,-6.243581348182015711e-01
4.072278757272338456e-01,1.149817059225482829e+00,-2.736905002953459731e-01,-7.727712785515001848e-01
9.482781843783381071e-01,7.188939851180357055e-01,-6.696690297895709909e-01,-5.076791235592519325e-01
6.393931858321475481e-01,9.929139217907129167e-01,-4.584444005734756300e-01,-7.119184842484378439e-01
6.834292954111138574e-01,9.695790341141476976e-01,-4.856801856136477302e-01,-6.890329817840038507e-01
3.852145461217492128e-01,1.146498550333835187e+00,-2.633316909039858933e-01,-7.837435136287850268e-01
5.412379440091982241e-01,1.070037392164761902e+00,-3.764037612100873953e-01,-7.441571743155627194e-01
9.874905679446136508e-01,6.779672525035815855e-01,-6.882535881350918539e-01,-4.725244061266327678e-01
4.503889611146340011e-01,1.125376894019445517e+00,-3.065281410104713777e-01,-7.659150579672379111e-01
5.439328571575675619e-01,1.068080576827202810e+00,-3.786095587154797992e-01,-7.434474872106856536e-01
5.440393311185350855e-01,1.093082229749141376e+00,-3.649292823663761176e-01,-7.332148446871769032e-01
5.623377166987116871e-01,1.068792151190263606e+00,-3.855482702015025076e-01,-7.327820148992912896e-01
6.989929361828668419e-01,9.790044202379747373e-01,-4.830499222958370975e-01,-6.765562062840574375e-01
9.630556927897560016e-01,7.122655866386324863e-01,-6.712131845844261369e-01,-4.964220203015619615e-01
6.803972286664787816e-01,9.742572997233167609e-01,-4.818275705974690570e-01,-6.899264254538007846e-01
9.267830621695763993e-01,7.367954904297066010e-01,-6.611404899016219971e-01,-5.256087982010089199e-01
6.871167083746239079e-01,9.659550344771363761e-01,-4.889819542150925513e-01,-6.874153614454314720e-01
5.401246271629365214e-01,1.059896525576901727e+00,-3.816824277645367580e-01,-7.489824731493915921e-01
7.751126461725512673e-01,8.938132809524039768e-01,-5.537698448946193341e-01,-6.385740761705710478e-01
5.180609620261581449e-01,1.064488437397987042e+00,-3.696414816398304048e-01,-7.595227435191150844e-01
5.214605113906359835e-01,1.097589869681252495e+00,-3.531435924833331574e-01,-7.433100324679952076e-01
5.661492973400202855e-01,1.059064707907987790e+00,-3.925749838858003660e-01,-7.343686772983805122e-01
8.790546803948647847e-01,7.937150647165036599e-01,-6.266783247796300360e-01,-5.658396891595686151e-01
5.929914113711554080e-01,1.035057305332420574e+00,-4.167243354530625887e-01,-7.273858599792054624e-01
6.112878802343173490e-01,1.046955760377297207e+00,-4.159017258850181142e-01,-7.123169324071518815e-01
7.272258940751046286e-01,9.300879305683705800e-01,-5.217123947338848655e-01,-6.672457698815035254e-01
7.769618029368408063e-01,9.244749407993042567e-01,-5.327773784732000584e-01,-6.339299223738784628e-01
7.039774034825090343e-01,9.918436161395699502e-01,-4.758732827614313710e-01,-6.704645280706559296e-01
3.942947493955648031e-01,1.146963120560604343e+00,-2.680466981063994170e-01,-7.797204446353205309e-01
6.292625290793149029e-01,1.035467232474777122e+00,-4.286051483859606992e-01,-7.052804931401097654e-01
4.530466456287235433e-01,1.134408669100329670e+00,-3.036232383139830238e-01,-7.602590969539240184e-01
7.636735406520513969e-01,9.203580707901005686e-01,-5.339417589656655361e-01,-6.434917291704554954e-01
7.225491952456313260e-01,9.571679950702361994e-01,-5.023815366270105720e-01,-6.655097415340834877e-01
9.242501674661568467e-01,7.758094466528755451e-01,-6.347354695579942030e-01,-5.327927337668261210e-01
8.735823056831143463e-01,8.168633621941530087e-01,-6.107208478938914720e-01,-5.710686696917045557e-01
7.152346205790094391e-01,9.551611238426418460e-01,-5.023091287884270395e-01,-6.708094633080923241e-01
5.445685501180639321e-01,1.065415930061603289e+00,-3.803740162774291167e-01,-7.441791051569612847e-01
4.114400061281683341e-01,1.149182853437216822e+00,-2.761520043916567690e-01,-7.713132988102109344e-01
7.918624370314544247e-01,9.016345502740744644e-01,-5.499079141769737111e-01,-6.261390258007845100e-01
6.317556102240471372e-01,1.035076207852458463e+00,-4.296202035845690936e-01,-7.038950568011754783e-01
7.844025296198519071e-01,9.205908411234546840e-01,-5.362428420889387981e-01,-6.293455597145162228e-01
5.460655153945176421e-01,1.068575643070467818e+00,-3.792012477216414879e-01,-7.420450581731513617e-01
8.892892558939871073e-01,8.084744233953413683e-01,-6.156524883566032447e-01,-5.597046036901043298e-01
3.737710615940478820e-01,1.149255644780910579e+00,-2.559210990216293502e-01,-7.868955033993075832e-01
7.628728771588100255e-01,9.389538015871561338e-01,-5.212271428745716140e-01,-6.415331072133645396e-01
3.036468750772594594e-01,1.189216302191771657e+00,-2.015662836893958587e-01,-7.894232748967053848e-01
5.770616355240076878e-01,1.059647353320563923e+00,-3.963736561301256511e-01,-7.278534385029464815e-01
6.156831118059665764e-01,1.030937623508543677e+00,-4.269948904959191549e-01,-7.149864747254671693e-01
8.980283185621240616e-01,7.639760356811000630e-01,-6.460104429660247227e-01,-5.495778774727279048e-01
8.939108174625769454e-01,8.099389723115926198e-01,-6.143388937654592485e-01,-5.566293667637236542e-01
3.541440798471893192e-01,1.150432975179384698e+00,-2.444203488008303560e-01,-7.939966953186211596e-01
5.846485947723004672e-01,1.029919781014689617e+00,-4.168472583589881708e-01,-7.343201384292512568e-01
5.621957173033093058e-01,1.060409016432645180e+00,-3.902696975026030968e-01,-7.361235479652866731e-01
4.540609229363761212e-01,1.119548142875046448e+00,-3.110945217633991899e-01,-7.670452939365070000e-01
5.399767531326152836e-01,1.071646642614240141e+00,-3.749834864234850018e-01,-7.441983232245151791e-01
7.734716920491948589e-01,8.849962796261976461e-01,-5.598875427943466043e-01,-6.406160658178752243e-01
4.674729769286539716e-01,1.116758083710456040e+00,-3.189462256206990753e-01,-7.619387500664364099e-01
8.434770944355424183e-01,8.234964006810437942e-01,-6.069927579565352893e-01,-5.926140196506134439e-01
6.181677560510504543e-01,1.050079884882542558e+00,-4.163308960165135741e-01,-7.072201600336501803e-01
7.738804426346008736e-01,8.926970082984353461e-01,-5.544354915473783674e-01,-6.395599078765087375e-01
5.251275420484572409e-01,1.104715430772343909e+00,-3.509846910850365487e-01,-7.383695829283409839e-01
8.682886850211802843e-01,8.359505387488037620e-01,-5.976909532308204431e-01,-5.754308249984884105e-01
9.588675201854642838e-01,6.994850189231863746e-01,-6.806724577210092608e-01,-4.965442847385014291e-01
4.523300367909826036e-01,1.134050414690140007e+00,-3.034401883500425501e-01,-7.607641399923944503e-01
6.546980597036630156e-01,9.968027157896386381e-01,-4.603271349084065434e-01,-7.008655844131497226e-01
9.516517576211735996e-01,7.258861952768558279e-01,-6.643052862187496244e-01,-5.067085021951752699e-01
4.135357669822097293e-01,1.124764668276425850e+00,-2.879560191554663695e-01,-7.832037328406751264e-01
5.737866240945784790e-01,1.078014675890941465e+00,-3.847439445191215834e-01,-7.228464401836901532e-01
6.379426129522387523e-01,9.977319055214749488e-01,-4.548805899251402440e-01,-7.114258689671846270e-01
6.294943521792539798e-01,1.041450431019770084e+00,-4.250806565255220715e-01,-7.032635502194448662e-01
3.866064006841340439e-01,1.148294171415098042e+00,-2.633479631534025311e-01,-7.821932865259475509e-01
6.141335504722860161e-01,1.007914180850451480e+00,-4.408550328734910928e-01,-7.235299862558730588e-01
3.369909493795434363e-01,1.166296083965027153e+00,-2.286529972627142360e-01,-7.913479450571795359e-01
5.222742235566907310e-01,1.071378324713092134e+00,-3.676377445558756674e-01,-7.541614981134903140e-01
7.044369694661165582e-01,9.584033585384554854e-01,-4.979167959565654056e-01,-6.774277191600925896e-01
8.577730587982332899e-01,8.497548401670276252e-01,-5.883790550697224342e-01,-5.828790549785782815e-01
3.680941551369457665e-01,1.152964637261515435e+00,-2.512895534599106084e-01,-7.871028779164493949e-01
4.958557249512403065e-01,1.095907571744156206e+00,-3.427053825672207732e-01,-7.574248006712572812e-01
3.742911205429449994e-01,1.160802744186198998e+00,-2.516146657385827101e-01,-7.803417672403164529e-01
4.277082063002459744e-01,1.147838438476479039e+00,-2.850499844150020112e-01,-7.649872604244032370e-01
9.586474176507350231e-01,7.018162788385632345e-01,-6.791447453201555629e-01,-4.971951409637115904e-01
4.872534831728717042e-01,1.114695312305649777e+00,-3.292338696109550211e-01,-7.531920525591717652e-01
4.311301381120892229e-01,1.138353717846388946e+00,-2.909655297651141392e-01,-7.682638333373661421e-01
5.571866870696516871e-01,1.044522814930594512e+00,-3.975688079430820809e-01,-7.452972227051751775e-01
6.318733825121899406e-01,1.016055351664565398e+00,-4.413656472210688575e-01,-7.097180231218398472e-01
8.194701742605712269e-01,8.623125091885406324e-01,-5.790841169460062554e-01,-6.093589414227533752e-01
6.233106472942645526e-01,1.023471422953415422e+00,-4.340573418572712949e-01,-7.127189102937153686e-01
9.409859728196133810e-01,7.276346577562585738e-01,-6.650515605262952157e-01,-5.142633138130559001e-01
6.956035978786762053e-01,9.594018467323811583e-01,-4.953325780565718262e-01,-6.831807534972992313e-01
6.635064169646791576e-01,1.010488058157438029e+00,-4.540438046934865968e-01,-6.914866695969876798e-01
4.587715053134424070e-01,1.108636386579776589e+00,-3.186918146891788428e-01,-7.701292207068785034e-01
3.708337460943040842e-01,1.148218888129594495e+00,-2.547067526811934712e-01,-7.886528867529937203e-01
5.212461564358616961e-01,1.066564185773697826e+00,-3.698731038764356271e-01,-7.568274624277303575e-01
7.831411048562891830e-01,9.222907583722125269e-01,-5.349579420878262104e-01,-6.300100493332663198e-01
8.106668066430360309e-01,8.847615876853667238e-01,-5.629694176430939390e-01,-6.144247077721260997e-01
4.628045420576984981e-01,1.095129305215972293e+00,-3.274183044798852915e-01,-7.747663380869448391e-01
9.775357534912260116e-01,6.948701730689335054e-01,-6.795896005162748166e-01,-4.830785387031164002e-01
7.518465295434603179e-01,9.410463293748033697e-01,-5.182141415122445416e-01,-6.486210902593828598e-01
6.847863595175662788e-01,9.656812535982447487e-01,-4.886191418414582710e-01,-6.890475238992461726e-01
9.599456771452433701e-01,7.110679882434991494e-01,-6.726484986454673853e-01,-4.982561264812844226e-01
8.262069071000590625e-01,8.487000910259446806e-01,-5.889237977097454557e-01,-6.049570348884466542e-01
9.344860283002154322e-01,7.244539554351908661e-01,-6.683982442202681673e-01,-5.181712055257683414e-01
7.026397750417332499e-01,9.418016725590375726e-01,-5.089036829316595512e-01,-6.821224143310473664e-01
7.590042011167547065e-01,9.366303225245802277e-01,-5.222396713708931104e-01,-6.444569227832337432e-01
4.054357901756057703e-01,1.153319598304581417e+00,-2.712808327998759150e-01,-7.716967980971061181e-01
9.246578389636009865e-01,7.531717174542795767e-01,-6.501328858026856894e-01,-5.295598885771100051e-01
3.420514354673458990e-01,1.160436899752811613e+00,-2.337034718084380069e-01,-7.928577522743430750e-01
6.982194463263439177e-01,9.726007749196654562e-01,-4.870858966487861541e-01,-6.784974595388538754e-01
5.922313834902115381e-01,1.047024855411437416e+00,-4.092824937421731812e-01,-7.235836461542639597e-01
7.730051637630799277e-01,9.073266589120574377e-01,-5.440714950290839180e-01,-6.386122563410544517e-01
6.460673565108678851e-01,1.016663319745763294e+00,-4.452543698345892142e-01,-7.006603587155957324e-01
4.680013387940377134e-01,1.122425847931220133e+00,-3.164598033061246651e-01,-7.589778780918080558e-01
7.927675645405694027e-01,9.106189991906601389e-01,-5.438454789924467292e-01,-6.246925933220665028e-01
3.699817264131083916e-01,1.149153542150236573e+00,-2.538572015092001033e-01,-7.884738123226079365e-01
6.289467049126176157e-01,1.042455111082887687e+00,-4.243084286267305716e-01,-7.032749939582525478e-01
4.375269558734479758e-01,1.119196675897379922e+00,-3.029899945553500284e-01,-7.750502916089978545e-01
7.341154184374346636e-01,9.536677743278215713e-01,-5.068430890997166482e-01,-6.584249677577901361e-01
5.833975265701916157e-01,1.051989012567402737e+00,-4.031679320227739560e-01,-7.269969710035283361e-01
3.690326918403189493e-01,1.166603162928772752e+00,-2.464904439816832382e-01,-7.792169581148525870e-01
4.103635773345816751e-01,1.147537084737794588e+00,-2.762945251568960092e-01,-7.726275708651663132e-01
9.101072084328010181e-01,7.883425375372596910e-01,-6.277557845779343504e-01,-5.437673535407480108e-01
8.037172905324365679e-01,9.023944034290793947e-01,-5.503868184836362420e-01,-6.179610549273424347e-01
5.574290319400954097e-01,1.070972731038164039e+00,-3.824005738013235844e-01,-7.346954740573614639e-01
8.407269498151201947e-01,8.688738785109955121e-01,-5.751456239518996094e-01,-5.944010824223089351e-01
6.933817118526708345e-01,9.951573937980138229e-01,-4.713302730670032581e-01,-6.764640574528564265e-01
8.331323522569595852e-01,8.494924035330299050e-01,-5.884755077153193126e-01,-6.000312820828049842e-01
5.175379317477588614e-01,1.082045376960676375e+00,-3.597341683935391110e-01,-7.521162604072411106e-01
4.439529231887965888e-01,1.141246015485594789e+00,-2.960600652811218314e-01,-7.610657621524403726e-01
7.417084698320578484e-01,9.240014372808480481e-01,-5.283162108322017048e-01,-6.581628200339402213e-01
4.477217459882363304e-01,1.136599565029489334e+00,-3.000185926580081208e-01,-7.616360048877574007e-01
5.412523855604792766e-01,1.087404097138868320e+00,-3.668508333998056758e-01,-7.370223391526882217e-01
5.942698684878583437e-01,1.044356485601843687e+00,-4.115906494678039373e-01,-7.233201395159720715e-01
9.546368360688283206e-01,7.018134726887101937e-01,-6.800019669822595647e-01,-4.999121381573894407e-01
8.589256657470943912e-01,8.232188727708932285e-01,-6.068247900745937784e-01,-5.815981982796291083e-01
3.296326095609981022e-01,1.178945706849334307e+00,-2.199646792922008154e-01,-7.867134706587419757e-01
4.931934138333361473e-01,1.093977997771498067e+00,-3.424888611763031165e-01,-7.596923805136333030e-01
8.910266882065388527e-01,8.025598257843826744e-01,-6.196158439182446465e-01,-5.580963963595679811e-01
6.665036165546519564e-01,9.931251366468152320e-01,-4.659155199879221887e-01,-6.942384151578504525e-01
9.049478341985457419e-01,7.610370194511988373e-01,-6.472660774870941935e-01,-5.443335270688892669e-01
6.721367390793142604e-01,9.952129325324918785e-01,-4.660442472730398356e-01,-6.900578930617989881e-01
8.374660752071805270e-01,8.289500582225948211e-01,-6.031411419245682470e-01,-5.970079260716617542e-01
3.570079784105552045e-01,1.175122197368184462e+00,-2.366851090632544341e-01,-7.790692148814922779e-01
7.393744891059049751e-01,9.540623610441626434e-01,-5.074950957670050222e-01,-6.548534963267442777e-01
8.959462950150484106e-01,7.694917823360856168e-01,-6.423302934428543054e-01,-5.516713279577780682e-01
9.821453124808812163e-01,6.884082127037635113e-01,-6.827493073383228417e-01,-4.785546745646730993e-01
8.858637237690110133e-01,8.084588256877500712e-01,-6.158844757092216682e-01,-5.620697931649643042e-01
7.221719872927716555e-01,9.487793833613977768e-01,-5.079584452151192364e-01,-6.673486494970267691e-01
8.651080017796134447e-01,8.268277630757927543e-01,-6.041020735497671934e-01,-5.773711087114031804e-01
4.076315951670798632e-01,1.137565424897298394e+00,-2.791579229672979112e-01,-7.790377512900588108e-01
7.438766388629131088e-01,9.113386335646301850e-01,-5.375256259197782605e-01,-6.585337458379031395e-01
5.385980821020258658e-01,1.086788603766900119e+00,-3.660950566727558253e-01,-7.387102715526955299e-01
9.312202874004128494e-01,7.322239133189787363e-01,-6.635822489818380410e-01,-5.217785713355743704e-01
8.980930962944815299e-01,7.711240542530631847e-01,-6.409440781561566158e-01,-5.503298022627330921e-01
6.753032701534056326e-01,1.002076214189057346e+00,-4.624759065850107542e-01,-6.862636775312562776e-01
3.774844817034810895e-01,1.165542605194801018e+00,-2.514913263191684845e-01,-7.765189560618601661e-01
5.888873305599137131e-01,1.031660524879477459e+00,-4.173215482673655607e-01,-7.310976908259766427e-01
6.025085105038333610e-01,1.022803280709598805e+00,-4.275708614730752699e-01,-7.258335313550868806e-01
6.803456285728786135e-01,9.640863751706316709e-01,-4.886372503984741100e-01,-6.924252846280265494e-01
6.073534378082091623e-01,1.035945672782972116e+00,-4.211702349672314383e-01,-7.183782214089802221e-01
9.093156931166602730e-01,7.775886938997859099e-01,-6.352191387223882213e-01,-5.431988297994974069e-01
6.270990987890397994e-01,1.041087968216172222e+00,-4.245424791339035275e-01,-7.048105600477978516e-01
6.863508620527946080e-01,9.768819367429603107e-01,-4.815227327500875565e-01,-6.853504319172627479e-01
7.149096627748557919e-01,9.614812902846825438e-01,-4.980067557905042408e-01,-6.697687876667255402e-01
9.073427221332777126e-01,7.629578334317027588e-01,-6.456229960280310820e-01,-5.428854061948126253e-01
9.314039647909090336e-01,7.430330056598906108e-01,-6.560978372669342695e-01,-5.234059188709201393e-01
3.960952857484472123e-01,1.164567832503619726e+00,-2.617756548879457412e-01,-7.696519448319782963e-01
7.722702770868912214e-01,9.173177596548045543e-01,-5.370920388488865660e-01,-6.379684424263527553e-01
9.605952314444969886e-01,7.001114530680293546e-01,-6.798752526608581315e-01,-4.955140682195749435e-01
5.584192274611354811e-01,1.071329317156901384e+00,-3.825893656201546644e-01,-7.339990882564281227e-01
5.659882380989978978e-01,1.081695879233050661e+00,-3.797537232432975918e-01,-7.257713321665062445e-01
7.259502413871222748e-01,9.567687409136836907e-01,-5.032897390662149917e-01,-6.633125281989896704e-01
5.044349348764357588e-01,1.110311645348752929e+00,-3.391737124890900623e-01,-7.465551981744759091e-01
9.620002419966524609e-01,7.057066721344696925e-01,-6.758152215244567218e-01,-4.957663107963161120e-01
6.782345290685264372e-01,1.007325382063134045e+00,-4.599115337558616345e-01,-6.830683806265738234e-01
3.792484836850993357e-01,1.158417815215046387e+00,-2.552553342299657690e-01,-7.796796541609514186e-01
9.283332453804954421e-01,7.512893546760173180e-01,-6.508963050348387513e-01,-5.267628487981137475e-01
4.485513003872471649e-01,1.104005578316611169e+00,-3.158752834622867711e-01,-7.774541611932423990e-01
7.431485753258535443e-01,9.114517652864846387e-01,-5.373398301934207977e-01,-6.590328677866134077e-01
7.363860406310394069e-01,9.520306806779618158e-01,-5.083338452585528522e-01,-6.571952617385709017e-01
6.200334122883547350e-01,1.024384396726190749e+00,-4.324392006820008683e-01,-7.144517713593345754e-01
7.186904513681242612e-01,9.394562374780045522e-01,-5.136827532915210215e-01,-6.714747159168923396e-01
8.087990861894502892e-01,8.945132123149228676e-01,-5.561394546298948915e-01,-6.150774630567893420e-01
6.373597029428735850e-01,1.020082282340258217e+00,-4.405320665254760515e-01,-7.050633320407075910e-01
7.471253626276878057e-01,9.146418985912818655e-01,-5.356635475983695382e-01,-6.557672228638614653e-01
7.809167542612591717e-01,9.096167995208815915e-01,-5.433470943339828718e-01,-6.328941494469443318e-01
7.413810683132527890e-01,9.224069851697134226e-01,-5.293762033252445987e-01,-6.586360626132260476e-01
7.564763049390420546e-01,9.016300922344366864e-01,-5.461160885663340903e-01,-6.509056477908471416e-01
6.952603564490794641e-01,9.798785563044856151e-01,-4.816326853629277482e-01,-6.787982890507908706e-01
8.676716868083016454e-01,7.972419529456628018e-01,-6.249215902302707182e-01,-5.741961119715119910e-01
6.608663886225961681e-01,1.015509395457553143e+00,-4.501803241208431894e-01,-6.917621423411751680e-01
4.965177904241008799e-01,1.108414886973203783e+00,-3.365963350430249412e-01,-7.514099108989339415e-01
6.874759543961602715e-01,9.718967179020674418e-01,-4.850923235992655735e-01,-6.857834578370338718e-01
6.792554505085399708e-01,1.008563569322254327e+00,-4.593945359943228945e-01,-6.821124403237304179e-01
6.097485451452071548e-01,1.016955206610992812e+00,-4.336787837476964724e-01,-7.233012700734107181e-01
5.555314699460236483e-01,1.071202313363453618e+00,-3.815228582315787209e-01,-7.356705973442204671e-01
5.225578308194804844e-01,1.061453834672261731e+00,-3.733220101770239330e-01,-7.583162205196194439e-01
8.849272826393816960e-01,7.849677827187356849e-01,-6.324203550166805909e-01,-5.609834995062982221e-01
4.978455038686903644e-01,1.115186585347972326e+00,-3.337904252364825575e-01,-7.476990384541079004e-01
7.253097392123085685e-01,9.513955112816651072e-01,-5.067745483822647667e-01,-6.647408748244444388e-01
5.343469601840930006e-01,1.098815069487013352e+00,-3.579203973818715356e-01,-7.360167749143460281e-01
8.471360543520637387e-01,8.294346635105867005e-01,-6.026858546822810858e-01,-5.900923901336373456e-01
7.898027006542931439e-01,9.142707297467582706e-01,-5.410796160071943417e-01,-6.263504226665426167e-01
8.318809887826922322e-01,8.362714099907385679e-01,-5.978837338484213060e-01,-6.010391869245579333e-01
5.368163074768642629e-01,1.088217397534611219e+00,-3.645886795795910684e-01,-7.390828827974493809e-01
5.729372705070396865e-01,1.051256241371243405e+00,-3.997059782218720381e-01,-7.334021121496903106e-01
7.924312685867149764e-01,8.685891231458143791e-01,-5.732309678700677757e-01,-6.283222324508812573e-01
8.832027881094169919e-01,7.810510754256252408e-01,-6.353574892829829679e-01,-5.618716980575481079e-01
7.206874554122182364e-01,9.636536412214579128e-01,-4.977058868161165495e-01,-6.654980414684408263e-01
9.837884748417586867e-01,6.725377009489587055e-01,-6.927372075745611424e-01,-4.735691674157243569e-01
3.987100035773500362e-01,1.163383970180701388e+00,-2.636217841778185078e-01,-7.692141033612459600e-01
5.969235045579119880e-01,1.025819564312802745e+00,-4.237637141833011656e-01,-7.282425726844790059e-01
5.557857372303324217e-01,1.071278109237139731e+00,-3.815808752624173517e-01,-7.354978927837551028e-01
7.760659394021992563e-01,9.184316724234461438e-01,-5.367745059872872648e-01,-6.352433243339119517e-01
7.166069444776660413e-01,9.419853703189190464e-01,-5.115471542963588858e-01,-6.724326903176737202e-01
3.556280260765825596e-01,1.156433303414146962e+00,-2.429469681457413766e-01,-7.900163775807976796e-01
7.441230043043471909e-01,9.500139249810996001e-01,-5.109873319250117785e-01,-6.523720917236321970e-01
5.217957449588386254e-01,1.100638761140581900e+00,-3.516910534712447411e-01,-7.418320466130894353e-01
4.338446749462436802e-01,1.128509422286228414e+00,-2.967971777713661607e-01,-7.720237932261092562e-01
5.084843641513417944e-01,1.095640370685718512e+00,-3.485194524009608830e-01,-7.509611090147909618e-01
8.192233650397822142e-01,8.848758454140536189e-01,-5.633761320087939950e-01,-6.085250401435663425e-01
9.281846811256631025e-01,7.307249871136103359e-01,-6.651337298408014354e-01,-5.236348391112324308e-01
7.949831527731502367e-01,8.792383941959533988e-01,-5.658008033206727294e-01,-6.257664555671456075e-01
6.295954865505744014e-01,1.033685335270625449e+00,-4.297885661727141038e-01,-7.056374253153674392e-01
5.345421515611515906e-01,1.089851086963034010e+00,-3.627677425574706849e-01,-7.396288906061244672e-01
3.659089399304623069e-01,1.165838966536683508e+00,-2.450715486402612886e-01,-7.808335075076441312e-01
7.911893863738921340e-01,8.853838377164597873e-01,-5.611729200924490124e-01,-6.279829357812022339e-01
7.456334015929072523e-01,9.419893295105445929e-01,-5.166123822394055320e-01,-6.526576606183678297e-01
3.586009871678973449e-01,1.161168807135777303e+00,-2.428052851659706912e-01,-7.862162499023708229e-01
7.389756237965643404e-01,9.602776631217755376e-01,-5.033145907683280740e-01,-6.540428986750427276e-01
8.978916328618177234e-01,7.792308988209095677e-01,-6.352661434111217531e-01,-5.513126415300084737e-01
4.336811009534852768e-01,1.116557482807965629e+00,-3.022631540975999620e-01,-7.782081943225157561e-01
4.563460504261500073e-01,1.123923377478304397e+00,-3.101324218183632575e-01,-7.638174553502109498e-01
8.795056717553187964e-01,8.001973538086896154e-01,-6.220660892633805839e-01,-5.659720619302157640e-01
3.034500414438570104e-01,1.183232325927874085e+00,-2.033682989639639116e-01,-7.929870243489386405e-01
4.439043724050961148e-01,1.131690440450119128e+00,-3.003871152271163636e-01,-7.658073402049989653e-01
6.789264969913979542e-01,9.758648198182667821e-01,-4.803997133684402288e-01,-6.905094760692183087e-01
8.851650920840675729e-01,8.084207969894601220e-01,-6.159549456492637853e-01,-5.625513167255417057e-01
4.493337959820306038e-01,1.126210130203266546e+00,-3.056172487987129371e-01,-7.659990070627297198e-01
4.317008954337051563e-01,1.121896039110515941e+00,-2.987515572202515957e-01,-7.763898390499622826e-01
6.964286474238429170e-01,9.924278078130646108e-01,-4.737848947694363599e-01,-6.751550302106047452e-01
5.538487696429735818e-01,1.049373074555241869e+00,-3.933774131110713279e-01,-7.453292091324038582e-01
6.672637452225929078e-01,9.946774461384310095e-01,-4.651139851972723172e-01,-6.933366217955675426e-01
4.044444430406671231e-01,1.135849863110582003e+00,-2.782114850093685421e-01,-7.813346989957490329e-01
5.105202872387013535e-01,1.094042796829000963e+00,-3.502566449010259819e-01,-7.505984952490082351e-01
3.401274285627141070e-01,1.178877251824910877e+00,-2.259325018812414487e-01,-7.830791184386187709e-01
6.374309293342635963e-01,9.901370690067885505e-01,-4.596781622887965435e-01,-7.140293439642333428e-01
7.152002819654510457e-01,9.748024458850595986e-01,-4.892763259628236661e-01,-6.668730022749852493e-01
4.054785096043247439e-01,1.132523057159851687e+00,-2.802159930300454627e-01,-7.826581818137519075e-01
6.985210738688939491e-01,9.680031014737175976e-01,-4.902034042529441749e-01,-6.793186826012458379e-01
9.757672810169631950e-01,6.862621925203411521e-01,-6.856739873296948673e-01,-4.822380736199953777e-01
4.290085025567647037e-01,1.133926253117207406e+00,-2.918748746098951963e-01,-7.714639243115262168e-01
6.980559911092767411e-01,9.487396809114554408e-01,-5.031436145245186120e-01,-6.838309797156389980e-01
4.540756406529045663e-01,1.116242770216331337e+00,-3.126849458767058110e-01,-7.686655678963365546e-01
4.244928345993616570e-01,1.150938122188550850e+00,-2.820826428901202498e-01,-7.648177798250797021e-01
6.047417409494427742e-01,1.022541663407668500e+00,-4.284985584462960295e-01,-7.245367717359104676e-01
4.796961223655663575e-01,1.090505907556482912e+00,-3.379780414211712714e-01,-7.683344384286679984e-01
4.582545642065146696e-01,1.101933566478315862e+00,-3.217504019489857425e-01,-7.736912965600031278e-01
8.536774551081121043e-01,8.383965751939210787e-01,-5.962792132626503205e-01,-5.856057779989288781e-01
4.302377142375399255e-01,1.147278900885216224e+00,-2.865665896156655013e-01,-7.641631383881104522e-01
6.361648774910076964e-01,9.933584085472979552e-01,-4.571901627308267990e-01,-7.138930621962761291e-01
8.733341984200752028e-01,8.369883025923304798e-01,-5.968406027527151103e-01,-5.720016505936650342e-01
9.410274698880511934e-01,7.172725868914390235e-01,-6.721563988417135205e-01,-5.123329280176961431e-01
5.101664087866384367e-01,1.091623073480628481e+00,-3.513758863161377533e-01,-7.518527648256406737e-01
4.726605491785143554e-01,1.091752276678702893e+00,-3.339575969860341664e-01,-7.713759218054601074e-01
9.274186856043218352e-01,7.725524109187672517e-01,-6.365512658545375846e-01,-5.302558841467281958e-01
6.207958146326715276e-01,1.025586802754818061e+00,-4.319433750856182530e-01,-7.135928023086097749e-01
6.783399091623198984e-01,9.631436511752941021e-01,-4.887912109971198626e-01,-6.940121689191481869e-01
4.663938746980906269e-01,1.118479354619889898e+00,-3.175946482611002875e-01,-7.616374838707988815e-01
6.140228183584994781e-01,1.028167070480579648e+00,-4.281436086366361415e-01,-7.169166139684075567e-01
8.277773150649108125e-01,8.615589222508071021e-01,-5.798794117273786686e-01,-6.035443009985069773e-01
3.523500973343005604e-01,1.175157655619113450e+00,-2.340969396772562272e-01,-7.807598547581070525e-01
3.633040531863451772e-01,1.170244140187156390e+00,-2.419669967971236624e-01,-7.794035261568643680e-01
8.708374254897550681e-01,8.273257490178812512e-01,-6.035638368914171270e-01,-5.734065725935805213e-01
7.511535388924830414e-01,9.090395182463404389e-01,-5.401710914683769404e-01,-6.537103845413662073e-01
3.924756271558630938e-01,1.150089627914969714e+00,-2.657710619641206473e-01,-7.788013334226624451e-01
6.606813498846643151e-01,9.992520394280752782e-01,-4.604036831056178558e-01,-6.963407085485292525e-01
4.215519899518336833e-01,1.121530350852870006e+00,-2.936546837602876381e-01,-7.812622128646445896e-01
9.683147359723561776e-01,7.154401082428323289e-01,-6.680391640006333454e-01,-4.935812644874473798e-01
8.934921482683547689e-01,7.768755230207089468e-01,-6.373601700808696480e-01,-5.541733259142513912e-01
9.704965680228651026e-01,6.939617944055288534e-01,-6.817934686549826928e-01,-4.875221968952230811e-01
6.810752167100947441e-01,9.685066976174728781e-01,-4.858338225759290530e-01,-6.908683498524256228e-01
8.988439964497678680e-01,7.989945749988216495e-01,-6.214727261244942236e-01,-5.524355045419157006e-01
4.246860472068785808e-01,1.142332389977511520e+00,-2.859296633224301387e-01,-7.691015935578081608e-01
8.211729320838143664e-01,8.719316410745979740e-01,-5.724095826066714077e-01,-6.077916200458967078e-01
8.558733848806485689e-01,8.248088619019681156e-01,-6.057869987324976391e-01,-5.837995360134229372e-01
7.996438462689022808e-01,8.633514095441274794e-01,-5.774410874234487956e-01,-6.234457741178968115e-01
6.514740099574987120e-01,9.925816212572109443e-01,-4.621573971571249495e-01,-7.041400447826899889e-01
6.967232444992454976e-01,9.945083614335386013e-01,-4.725244791094885266e-01,-6.744852409713489871e-01
4.659907926777117626e-01,1.113231603316429563e+00,-3.199536853105317546e-01,-7.643553471057233928e-01
4.406219320522806737e-01,1.108177450386697904e+00,-3.098160588607076216e-01,-7.791967335760697777e-01
6.326671105662172723e-01,1.037524142377291625e+00,-4.284260989246500007e-01,-7.025849983904338680e-01
8.809429092218881152e-01,7.979281361477944534e-01,-6.235661539318266833e-01,-5.648050217137823292e-01
7.045209969171665199e-01,9.702135257105554134e-01,-4.900456141580528668e-01,-6.748540996673509929e-01
7.483875989409691787e-01,9.058380950684569166e-01,-5.420637052481704909e-01,-6.561064812706535188e-01
4.810135349208333744e-01,1.106166041755263230e+00,-3.305986451521291114e-01,-7.602634191525837748e-01
6.395467193425586894e-01,1.010049492468116039e+00,-4.474795530046073999e-01,-7.067138048441339304e-01
6.081162487851372589e-01,1.046588875282668862e+00,-4.150528857407175809e-01,-7.143202204151011259e-01
6.618096933030381823e-01,9.855425167204345804e-01,-4.696063366959427610e-01,-6.993203871422631890e-01
3.623759397747006727e-01,1.171515883628399202e+00,-2.409789761344608705e-01,-7.790547527453131060e-01
7.896996373727879215e-01,9.190765929626670827e-01,-5.378226209072941577e-01,-6.259344168957585719e-01
8.152704321093291462e-01,8.922702997142372139e-01,-5.580939504185948863e-01,-6.108042642001808575e-01
6.081099337185453813e-01,1.040730459479795922e+00,-4.185439984790266243e-01,-7.163038518150494083e-01
3.843670781217790045e-01,1.156679061823770338e+00,-2.587207621984707884e-01,-7.785705528069301051e-01
8.518414776676753730e-01,8.517991142805758642e-01,-5.869928613437918052e-01,-5.869636692858072324e-01
3.546723949889891703e-01,1.155057433156442492e+00,-2.429345873887313878e-01,-7.911622243475106009e-01
5.057021626508292345e-01,1.095379662225328676e+00,-3.474204393770295995e-01,-7.525324422979544625e-01
6.590905185341996431e-01,1.018148689780463245e+00,-4.480478528998944054e-01,-6.921345726585602653e-01
3.969474011140712855e-01,1.161119413475757201e+00,-2.636183341850614203e-01,-7.711156810986463661e-01
6.695679474319965463e-01,1.005217705607682976e+00,-4.589905059493102346e-01,-6.890792563407989180e-01
6.951544020555840975e-01,9.903550131522901312e-01,-4.748183946666300059e-01,-6.764522760763869158e-01
6.810959623183787670e-01,9.615309745023690180e-01,-4.905499256146836906e-01,-6.925293557941616385e-01
6.766024986372282113e-01,9.777956848852548122e-01,-4.785446625164232470e-01,-6.915713538981649311e-01
5.599290853854806960e-01,1.051077797117715207e+00,-3.947930348900494657e-01,-7.410906206881077152e-01
8.748723887429196155e-01,8.213996611896697830e-01,-6.075084615709208657e-01,-5.703771783462292522e-01
6.755023721313215823e-01,9.768875322284823470e-01,-4.788716063280248902e-01,-6.925271043594940501e-01
6.067356383361623973e-01,1.033964388658327183e+00,-4.221619879486516735e-01,-7.194244646335877791e-01
4.360850523710861348e-01,1.140673314524276005e+00,-2.924182667526735724e-01,-7.648822443021480177e-01
5.881858292926358533e-01,1.044936817448544719e+00,-4.090715793032184133e-01,-7.267328332269068492e-01
4.491582831797116260e-01,1.122362269802008594e+00,-3.073394823591212854e-01,-7.679836973692014679e-01
8.360404948521791280e-01,8.612847998952407602e-01,-5.802712913307124243e-01,-5.977926262137480684e-01
8.328142965215126203e-01,8.754314950673665052e-01,-5.704363970003436535e-01,-5.996270596610165926e-01
6.174759519924363227e-01,1.028094972972231957e+00,-4.293227542493504023e-01,-7.148206565812248448e-01
3.783558110601998314e-01,1.158192466878999349e+00,-2.548600726089480517e-01,-7.801572159729645017e-01
5.428498666283433360e-01,1.077705594228069108e+00,-3.728017974092990849e-01,-7.401136249727570116e-01
5.060770553202513788e-01,1.071211827797837968e+00,-3.605542139678190594e-01,-7.631840537016038040e-01
8.144821751832255208e-01,8.466534665769983592e-01,-5.901175367058274501e-01,-6.134266327283006692e-01
6.805191789449784867e-01,9.933188791547954422e-01,-4.693919576927332860e-01,-6.851473224053232780e-01
4.098932259394998390e-01,1.131901502853155828e+00,-2.828384049382068333e-01,-7.810453926881901765e-01
8.233823176847404612e-01,8.590645987631843061e-01,-5.815050460876152183e-01,-6.067052793903860985e-01
7.977316790123327728e-01,9.083982123078152560e-01,-5.458071944296821743e-01,-6.215251227060801797e-01
6.704067233379483737e-01,1.004495107171423651e+00,-4.596689303557799922e-01,-6.887389033960279461e-01
4.058505581252384031e-01,1.148619724354740690e+00,-2.734764735091933519e-01,-7.739806323555777912e-01
5.422392323768481237e-01,1.053347117028438529e+00,-3.863303792171971507e-01,-7.504805386086871311e-01
4.744625985152159386e-01,1.112769362314668387e+00,-3.242259067954386675e-01,-7.604153766381334112e-01
6.116057359240738567e-01,1.046549693565768324e+00,-4.162486549227318866e-01,-7.122642523918835122e-01
8.909807574879454739e-01,7.697810156316444719e-01,-6.426533741978095460e-01,-5.552335030038918484e-01
6.414912916742807614e-01,9.997258361129355286e-01,-4.546479045733904933e-01,-7.085415849532880062e-01
7.482448535541389445e-01,9.453952269737960767e-01,-5.147378778377307285e-01,-6.503629534355382935e-01
4.234417244586725082e-01,1.152553756599770329e+00,-2.808559284469737127e-01,-7.644536111992638050e-01
6.263175826822685588e-01,1.031675559690781618e+00,-4.299776658864630785e-01,-7.082628068785831177e-01
7.935388972022046072e-01,8.937513388937231573e-01,-5.555067776673804358e-01,-6.256592185401692596e-01
8.138685440946645810e-01,8.585877256481846409e-01,-5.815195603145186798e-01,-6.134719916786721683e-01
6.485065616602387895e-01,9.850741888424157100e-01,-4.662388958433712483e-01,-7.082116500932420511e-01
7.994801859426693413e-01,8.649257821833045146e-01,-5.762994700242960455e-01,-6.234754514833371619e-01
3.450194601219401247e-01,1.178827826002173174e+00,-2.286906124510648119e-01,-7.813671072568318943e-01
9.826539695218193815e-01,6.848847395195766241e-01,-6.849309651098992591e-01,-4.773794033076150245e-01
4.793619035958260888e-01,1.112829723591616027e+00,-3.265012550569123539e-01,-7.579665774267489997e-01
5.201655644891469699e-01,1.079713733525840658e+00,-3.621430223113477620e-01,-7.517044983055107821e-01
5.011510758186866754e-01,1.101415803312147057e+00,-3.422533815525759526e-01,-7.521948996382322727e-01
4.560900040299020186e-01,1.103276342986597491e+00,-3.200099872412314750e-01,-7.741003865972613252e-01
9.844272110506850915e-01,6.741359292753809074e-01,-6.915267703696230672e-01,-4.735576553845649572e-01
8.537537660908947057e-01,8.091455414660521095e-01,-6.170470954653480833e-01,-5.848066808026332053e-01
4.316768405007890830e-01,1.130583200635890018e+00,-2.947478267946759267e-01,-7.719592763220953779e-01
7.749990951444101217e-01,9.158337127385052234e-01,-5.384275134816889352e-01,-6.362717992859239224e-01
6.993155718732585457e-01,9.719393728210745653e-01,-4.877669443007612293e-01,-6.779198361858507216e-01
6.904541826642349722e-01,9.579082376418655009e-01,-4.951923334624398487e-01,-6.870098369314139308e-01
9.300807229117847852e-01,7.354783983869933595e-01,-6.615183943480442696e-01,-5.231078090248528767e-01
7.926343068628952659e-01,9.040514541504347523e-01,-5.483164590685072337e-01,-6.253909121312426489e-01
5.231014972825722698e-01,1.085458538587286359e+00,-3.602986163191487790e-01,-7.476354236347054760e-01
6.641528212509372198e-01,1.020723023235359017e+00,-4.478518269215470138e-01,-6.882944047061746451e-01
6.622705648594711114e-01,9.774130218027560213e-01,-4.751074434991259254e-01,-7.011880440888987875e-01
9.190898454793497985e-01,7.754376645494676090e-01,-6.355954068734745999e-01,-5.362529249219188943e-01
8.172817091745202545e-01,8.726517372816968710e-01,-5.717373948114595761e-01,-6.104720382829365022e-01
6.556577764516485773e-01,1.018381679334970924e+00,-4.469413611324181690e-01,-6.941988797533238387e-01
7.387422910305482260e-01,9.531195307184694432e-01,-5.080140070529189922e-01,-6.554357018402579005e-01
7.816137299887232492e-01,9.072372935843320274e-01,-5.450585678436119519e-01,-6.326621974034729590e-01
6.022694070063899785e-01,1.054517290563191212e+00,-4.083915712470940762e-01,-7.150553692257540783e-01
6.480179646872588073e-01,9.861580779165225463e-01,-4.653847018899592847e-01,-7.082255556434261523e-01
8.387426968062935417e-01,8.724274649487523403e-01,-5.726695480466046373e-01,-5.956685452618990517e-01
7.816529864882495460e-01,9.010612858996613905e-01,-5.493407295203595053e-01,-6.332601201493833765e-01
8.988181733500217874e-01,8.061295848185490165e-01,-6.165921987171523178e-01,-5.530075246494261521e-01
7.983986489815565468e-01,8.637575396713237375e-01,-5.770788260591994678e-01,-6.243199279321732797e-01
9.918358513607105076e-01,6.639276214409842725e-01,-6.962507721664249472e-01,-4.660651442037746506e-01
8.037909841817957313e-01,8.866355626108812782e-01,-5.612271634087945271e-01,-6.190713401544211125e-01
7.420105543578640050e-01,9.308500929090388620e-01,-5.236261967868635070e-01,-6.568875483859791808e-01
8.024235806179248476e-01,9.034041016322914563e-01,-5.495966946946659881e-01,-6.187603657514202382e-01
6.866967278966942256e-01,9.785972005883322167e-01,-4.804746603499300828e-01,-6.847144284671854431e-01
4.403296100498215182e-01,1.135997365642531731e+00,-2.966420704839816125e-01,-7.653008176543496521e-01
8.326356450220290251e-01,8.761594302792059530e-01,-5.699324339209804746e-01,-5.997241165295489340e-01
3.697551082175701276e-01,1.147511104874287202e+00,-2.543893785512155170e-01,-7.894810115180914689e-01
6.630082461267777783e-01,9.914347341762506094e-01,-4.660791810935868140e-01,-6.969552667136004187e-01
4.857662347065873076e-01,1.125334843383734462e+00,-3.233381657579092461e-01,-7.490510416866290599e-01
7.900173376757455568e-01,9.142846822931470774e-01,-5.410915053223865900e-01,-6.262035672415181553e-01
5.631726779275071371e-01,1.072127431069784365e+00,-3.839934076880222591e-01,-7.310188897077234405e-01
4.827842652996472417e-01,1.113138640257373746e+00,-3.279431784631064439e-01,-7.561270115742735332e-01
5.612728048091124577e-01,1.079724766313919782e+00,-3.790251204777772553e-01,-7.291335089255853719e-01
6.943580406726264087e-01,9.881373891348357308e-01,-4.760609596209077199e-01,-6.774799255628081163e-01
6.213070955490098690e-01,1.009377063558714260e+00,-4.422540874953834189e-01,-7.184870982174640375e-01
4.797826455975879867e-01,1.128499781388107248e+00,-3.190673954739989271e-01,-7.504804297204257235e-01
8.490183726511802975e-01,8.583469991053339632e-01,-5.824802192950242485e-01,-5.888802461469393457e-01
6.514922735837715972e-01,1.025256761513513082e+00,-4.415119917565050733e-01,-6.948097056433468754e-01
4.292880685463482116e-01,1.151772743730101523e+00,-2.841332730181445609e-01,-7.623248429831214201e-01
4.423767880771066197e-01,1.143621629117359317e+00,-2.942180799988309836e-01,-7.606053686193791075e-01
8.452815020342205887e-01,8.653725456406744510e-01,-5.776264622602319543e-01,-5.913557564818415768e-01
7.276924789929304360e-01,9.592304816306509441e-01,-5.019747731340190589e-01,-6.616936649752838129e-01
7.731326316803026621e-01,9.119896141612953144e-01,-5.408567614891893749e-01,-6.379962881078072856e-01
5.817734707722094223e-01,1.063471448324183166e+00,-3.959172750124413387e-01,-7.237296628792199149e-01
7.291682671955403983e-01,9.604265530219762148e-01,-5.014548492808360569e-01,-6.604930220609763758e-01
7.856086812915138440e-01,9.216274384945688514e-01,-5.356746171727927441e-01,-6.284202772300152562e-01
5.511166506531397502e-01,1.067364445928296934e+00,-3.819251675515921707e-01,-7.396861342633338499e-01
3.452797734953224063e-01,1.163576404147840027e+00,-2.343854258322685957e-01,-7.898677301995681299e-01
4.560181280653736180e-01,1.111921820688089646e+00,-3.157314760944951448e-01,-7.698569336199738711e-01
7.899721620962558699e-01,8.995571377172620897e-01,-5.511719295166267463e-01,-6.276305256002984168e-01
9.289391695143718319e-01,7.421472020678115955e-01,-6.570929495400930076e-01,-5.249640773083161793e-01
7.532281784164028826e-01,9.192478504047916221e-01,-5.333082351936881960e-01,-6.508551629542899120e-01
8.532688595658146635e-01,8.227859516132940421e-01,-6.072895758579351932e-01,-5.855942426298802461e-01
7.447945351313381979e-01,9.237382020544483430e-01,-5.289691966816297830e-01,-6.560588613861257912e-01
4.727585265313300478e-01,1.106172516087910340e+00,-3.266896284004693340e-01,-7.643967648325914466e-01
5.908730756553116636e-01,1.040802034794411357e+00,-4.125056761029474162e-01,-7.266141659543944309e-01
6.155241785133803711e-01,1.013676903583998534e+00,-4.376560133451449786e-01,-7.207544527562043113e-01
6.779347822672472379e-01,9.801748668128309472e-01,-4.773051348909243541e-01,-6.900995630526077784e-01
5.355004455940104435e-01,1.075600879286970457e+00,-3.709279032267845388e-01,-7.450421043445425440e-01
8.836291939446255794e-01,8.249281880789942623e-01,-6.046841306443895281e-01,-5.645139246993436943e-01
4.041692574339066923e-01,1.140295696066807141e+00,-2.761422411604430582e-01,-7.790889665797705588e-01
4.133747499542762549e-01,1.143203788164422807e+00,-2.797242822689712249e-01,-7.735882735141264011e-01
5.183488348681783986e-01,1.097965493541834370e+00,-3.516103675730070099e-01,-7.447803965159882633e-01
6.270564678950428794e-01,1.000000313168318167e+00,-4.500834551670376271e-01,-7.177720335614999891e-01
7.364000578924041474e-01,9.422760284019310317e-01,-5.149041658997918214e-01,-6.588563475134259217e-01
6.835480395661012176e-01,9.987616940273712496e-01,-4.666612362783242873e-01,-6.818589768439746734e-01
4.251913826400611218e-01,1.130051618103851796e+00,-2.916655972275621900e-01,-7.751737065923749448e-01
9.517821680179650023e-01,7.195736618013541808e-01,-6.685386764849322594e-01,-5.054337427815872585e-01
8.830724017457562969e-01,8.168890755593218866e-01,-6.102255357683017412e-01,-5.644911706118275196e-01
5.548010354055055160e-01,1.086882745327917954e+00,-3.725701569624255138e-01,-7.298834161882963301e-01
8.877806578594824582e-01,7.792210164993992327e-01,-6.362468849655006364e-01,-5.584453097263413213e-01
3.797094829274312300e-01,1.138662386373628932e+00,-2.635532921672139040e-01,-7.903363863396052347e-01
7.261345177732251299e-01,9.507839405725750925e-01,-5.073388395066908974e-01,-6.642978803857590986e-01
4.585224718234989227e-01,1.111981664249718005e+00,-3.169336198965181928e-01,-7.686087286140210750e-01
3.106491406231511876e-01,1.180731694221775374e+00,-2.084012090817543295e-01,-7.921023447332470324e-01
9.456295578636108035e-01,7.357566636626037271e-01,-6.587213937771891903e-01,-5.125248581100166900e-01
6.336795626402861314e-01,1.023153366037534928e+00,-4.375053858174940413e-01,-7.064060994702198171e-01
9.466602131796577613e-01,7.442117128101073398e-01,-6.528616236740730772e-01,-5.132435697815278530e-01
3.760087394682731232e-01,1.141949224327813095e+00,-2.601361412038762921e-01,-7.900408514107489788e-01
7.918488633432706481e-01,8.956051976624400668e-01,-5.540762835224043448e-01,-6.266771632770953282e-01
7.792775966966291046e-01,9.260026748253278317e-01,-5.320192445899633027e-01,-6.321896659639816285e-01
5.097850158074177518e-01,1.108859192130687843e+00,-3.422640552551131088e-01,-7.444758712738052120e-01
7.370325212363143530e-01,9.390685558166786961e-01,-5.171915998517413460e-01,-6.589646382748549636e-01
8.245373835708689203e-01,8.649829218608109382e-01,-5.773839421830112562e-01,-6.057060107839838947e-01
6.405001498994423725e-01,9.973577139678195813e-01,-4.558840464395852998e-01,-7.098819109765519553e-01
6.610472500199315871e-01,1.022888180654920820e+00,-4.456647446535783597e-01,-6.896106138055844159e-01
4.420973333384469739e-01,1.107645302035209056e+00,-3.108265332242980961e-01,-7.787550914952415804e-01
8.241057540749898713e-01,8.556623039836408484e-01,-5.839303646240402434e-01,-6.062901498862101057e-01
6.207117997377199492e-01,1.026947087334305175e+00,-4.310787616112514709e-01,-7.132055147580785848e-01
6.026254574264695574e-01,1.032066254836746522e+00,-4.219126095171347735e-01,-7.225744638009740095e-01
6.697246919641374197e-01,9.910704077279962609e-01,-4.680928804261166865e-01,-6.926920978498510850e-01
9.485620463394890400e-01,7.131917285952964480e-01,-6.734973705345678185e-01,-5.063798997119318690e-01
5.698989561691597538e-01,1.071295088282337105e+00,-3.870391966527642058e-01,-7.275556234284008550e-01
7.051948024311799346e-01,9.849578127855131982e-01,-4.805607264405908907e-01,-6.712075023719907829e-01
8.697553831788390477e-01,8.150264026404652196e-01,-6.121837035781781955e-01,-5.736623093482436930e-01
6.657308237608018375e-01,9.753319571320367976e-01,-4.774077926521087534e-01,-6.994284478628391977e-01
7.732719649526752503e-01,9.241284352940802860e-01,-5.325700585804915566e-01,-6.364683542491896828e-01
4.310526336800025726e-01,1.127423113122596021e+00,-2.958719298493305283e-01,-7.738564299875141383e-01
3.798281449680902533e-01,1.143426901842005350e+00,-2.616446814957748557e-01,-7.876498134999602163e-01
6.746817574453943811e-01,9.899699117355251765e-01,-4.700842261950873291e-01,-6.897611129678099529e-01
7.813288935774036492e-01,8.763281951755312882e-01,-5.668268912612214327e-01,-6.357455748520761674e-01
9.344194877870686256e-01,7.584137785990193725e-01,-6.451697393543772696e-01,-5.236466343615027164e-01
3.135338440126582693e-01,1.178070130159891704e+00,-2.109701401460337133e-01,-7.926979023408216030e-01
6.365268986717720345e-01,9.975174016090897489e-01,-4.545947062835200558e-01,-7.124068615849903363e-01
6.569187761787748103e-01,9.998088642149545180e-01,-4.590114007033391785e-01,-6.986003199184380730e-01
6.611261989195693634e-01,1.014691071117059140e+00,-4.507619761421700066e-01,-6.918257862689611848e-01
3.593150742882585402e-01,1.170622320818820228e+00,-2.396290197829503421e-01,-7.806938794023837724e-01
6.356989011983087412e-01,1.012558679816180307e+00,-4.447349664572062822e-01,-7.083860765767201473e-01
4.183772724376126906e-01,1.150908858257903011e+00,-2.789868603582187911e-01,-7.674614996485366047e-01
5.390389342949060136e-01,1.054526825481165497e+00,-3.843168793405486450e-01,-7.518426461716287701e-01
7.863988333743686665e-01,9.089391535468863692e-01,-5.443737826176235917e-01,-6.292006348260010817e-01
6.423147653389021938e-01,1.020104065871561660e+00,-4.420061633784154731e-01,-7.019802575528661936e-01
5.981514038631926544e-01,1.025386696287973631e+00,-4.244607858718378868e-01,-7.276359131115017753e-01
8.554249786497009067e-01,8.262690720453836901e-01,-6.047660839401084454e-01,-5.841535183722317282e-01
8.678589343667796330e-01,8.027403654058465898e-01,-6.209765336689823112e-01,-5.743824368295585847e-01
5.888071451272448575e-01,1.036688547334917665e+00,-4.142395551901645878e-01,-7.293345644199852318e-01
8.738230034241244448e-01,8.160986471508356876e-01,-6.112430060205915616e-01,-5.708645667819495229e-01
5.268056821933106981e-01,1.074434799553470654e+00,-3.678979253279661688e-01,-7.503380221909653480e-01
7.553543323821589883e-01,9.445497418628689967e-01,-5.163988359893193492e-01,-6.457424897448279522e-01
7.651546086463704155e-01,9.070420655227179330e-01,-5.433615505656892442e-01,-6.441205183650793309e-01
9.097796314888036973e-01,7.946452103061175665e-01,-6.234954623803955487e-01,-5.445908719866485725e-01
3.729851221025087815e-01,1.141053499746283340e+00,-2.588159665546291843e-01,-7.917818886786911481e-01
6.488319576373304809e-01,9.811900123123502571e-01,-4.689051844358225196e-01,-7.090974454545557748e-01
5.268890437714822683e-01,1.083470935813596325e+00,-3.629909059691155404e-01,-7.464381756109491617e-01
9.535853457627724294e-01,7.156452138725590828e-01,-6.708430547406473154e-01,-5.034532289302025010e-01
4.457407586165125224e-01,1.140495773470615370e+00,-2.972763576711425215e-01,-7.606269404866515815e-01
7.249037743325722483e-01,9.491682153470154537e-01,-5.082030533934690508e-01,-6.654265052868667540e-01
5.573719416640106061e-01,1.059318001589757863e+00,-3.890039760341605368e-01,-7.393248272827165346e-01
8.422062243059352804e-01,8.602876600526910833e-01,-5.810698440448842650e-01,-5.935449086386345163e-01
3.398842547191017194e-01,1.177560072501217636e+00,-2.262623231574771576e-01,-7.839065033530628890e-01
9.709731808864621172e-01,7.103862355699330777e-01,-6.708221711387706288e-01,-4.907888768431842852e-01
6.611218901870987708e-01,9.718055774622010867e-01,-4.785577422102195166e-01,-7.034483200760380806e-01
6.914111152127558890e-01,9.979010926754938726e-01,-4.691171676688563053e-01,-6.770682795076764515e-01
7.501469202087197585e-01,9.488835456609311381e-01,-5.127104933027484268e-01,-6.485430222753074680e-01
8.681393132822262659e-01,8.053335147061732036e-01,-6.191142611458314571e-01,-5.743242545349385164e-01
8.218919762399796713e-01,8.604029550574107121e-01,-5.805143172185337486e-01,-6.077151845099922900e-01
5.446569180424517542e-01,1.093849689011272996e+00,-3.647683690685729618e-01,-7.325744957043008876e-01
7.136790603556957269e-01,9.444309527983761887e-01,-5.093023353798564745e-01,-6.739736620905010245e-01
5.555547458900067515e-01,1.079293370868184887e+00,-3.770268028086831147e-01,-7.324616195279590736e-01
8.010310513142407940e-01,8.733194536206216885e-01,-5.703977759771844402e-01,-6.218728640363213600e-01
5.349298575423183655e-01,1.067041783687733059e+00,-3.754610088747150076e-01,-7.489441446688691606e-01
3.292888698133298320e-01,1.173903786382491043e+00,-2.215223822812290577e-01,-7.897198695960224724e-01
6.511631449742044664e-01,1.024773341870515830e+00,-4.417139456174009604e-01,-6.951509459570031080e-01
8.490267792200698604e-01,8.414119859200190898e-01,-5.942151016729152468e-01,-5.888856759283416231e-01
6.642171779712108259e-01,9.883777542291752871e-01,-4.683935314396258098e-01,-6.969855072309431021e-01
5.120356222831947690e-01,1.105974909209849866e+00,-3.447213369460704335e-01,-7.445832530783692560e-01
7.955817006922865087e-01,9.111979197125325003e-01,-5.437153915160922724e-01,-6.227296746946807682e-01
7.967316290906046872e-01,8.964793880956510863e-01,-5.538795115678866177e-01,-6.232231123745560764e-01
7.252859384674564813e-01,9.580775594053146937e-01,-5.022921721684860952e-01,-6.635105313587575937e-01
6.138095276435555636e-01,1.039339703538165516e+00,-4.212862705903634986e-01,-7.133475905156632102e-01
8.229602112943041892e-01,8.687240389749990577e-01,-5.747149724717838248e-01,-6.066741809544747843e-01
5.030721641806281674e-01,1.088127354403289448e+00,-3.500599849664144947e-01,-7.571674054841843748e-01
6.608332636169188534e-01,9.897223563287925741e-01,-4.666074652853500759e-01,-6.988326185264963630e-01
6.974433948095455360e-01,9.832396193630573711e-01,-4.799404237529510953e-01,-6.766089450121743898e-01
6.298047560879245221e-01,1.013722727792395251e+00,-4.421892515331825591e-01,-7.117400907688857803e-01
6.315611023518644673e-01,1.014521618280909587e+00,-4.422314209372466554e-01,-7.103878550360140931e-01
4.187584806111342428e-01,1.149822268894415522e+00,-2.796477373835842273e-01,-7.678535737839168318e-01
7.872317285685291877e-01,9.002063636303209160e-01,-5.504711668437686223e-01,-6.294685915274712551e-01
5.643807914698359962e-01,1.084077059782621255e+00,-3.778284612617048288e-01,-7.257425723509449700e-01
7.461050804912932044e-01,9.362053899610054408e-01,-5.206038100370633526e-01,-6.532485915656780495e-01
8.217219010101394217e-01,8.438075094954605726e-01,-5.923438541682685132e-01,-6.082644161439983987e-01
9.299450687094085177e-01,7.642525620637571349e-01,-6.418372750118898074e-01,-5.274782332429763798e-01
8.070270460192288109e-01,8.916552525745888858e-01,-5.579781197851432228e-01,-6.164900219667008852e-01
7.578349257014918017e-01,9.156563882813951727e-01,-5.364290055271004887e-01,-6.481420017897159269e-01
4.861298550515448236e-01,1.104077205552526308e+00,-3.340389919418373377e-01,-7.586549826889810166e-01
8.908502322564103570e-01,7.714428464513184425e-01,-6.414817646670525342e-01,-5.554991182164614738e-01
5.640306735173188368e-01,1.079312556512488142e+00,-3.803190185845343740e-01,-7.277673210199803178e-01
7.165821791377333660e-01,9.607916083936044460e-01,-4.988005879604097137e-01,-6.687905911235935141e-01
4.335033819992930026e-01,1.129897592911432547e+00,-2.959888236642059800e-01,-7.714750871019000478e-01
5.048662236132442915e-01,1.111759399558944539e+00,-3.386321064701347527e-01,-7.456973941853957122e-01
8.371093248646898077e-01,8.261362933808089615e-01,-6.051743286552951906e-01,-5.972415571948357371e-01
5.964902600989003822e-01,1.040644202422447817e+00,-4.145918311395961897e-01,-7.233019787709399351e-01
9.325932478887619670e-01,7.469534395801568083e-01,-6.532276399077528994e-01,-5.231976894133846256e-01
6.530639540500765561e-01,9.899825024759212333e-01,-4.642993806436580551e-01,-7.038334605623989271e-01
7.260047000344747037e-01,9.572418591047463510e-01,-5.029841450054988172e-01,-6.631878251510103794e-01
3.566538627715943877e-01,1.160461867453216556e+00,-2.419840024626190300e-01,-7.873550147735564053e-01
3.789014388914213050e-01,1.153774341590479979e+00,-2.569238692122459145e-01,-7.823463772175955899e-01
4.928318439248310923e-01,1.096677292553751570e+00,-3.409222418802291821e-01,-7.586394544212752278e-01
7.055225704712516643e-01,9.648885289701111256e-01,-4.937964804032878852e-01,-6.753271681566441753e-01
6.711158636563249180e-01,9.972795184116310940e-01,-4.644519557847892055e-01,-6.901765371286043838e-01
5.568635112490017969e-01,1.086470730461405410e+00,-3.736046133353693732e-01,-7.289227413083753104e-01
4.389618173984411453e-01,1.130604470134154660e+00,-2.984198240089372400e-01,-7.686198972857414269e-01
4.415116817301537044e-01,1.113433630983008404e+00,-3.077450564458752424e-01,-7.760920260882865351e-01
9.518294028864758838e-01,7.159889415418796421e-01,-6.709547455649148562e-01,-5.047082771793940381e-01
4.418163801124053713e-01,1.109346185515630356e+00,-3.098616064515214430e-01,-7.780240992135390998e-01
5.361031800784487045e-01,1.072685065614625177e+00,-3.727961480467918420e-01,-7.459251789365165530e-01
5.773909190170344319e-01,1.047707176495097814e+00,-4.034678083641382584e-01,-7.321142477050031072e-01
4.736258859183891667e-01,1.114327290886224509e+00,-3.230632806658150780e-01,-7.600898536850354548e-01
6.134536499229628070e-01,1.021935059758380726e+00,-4.318038529263857339e-01,-7.193298080460360788e-01
8.535746536923221051e-01,8.426225114871611632e-01,-5.933360474210428448e-01,-5.857230041579918334e-01
5.227565093998308710e-01,1.077022275091277459e+00,-3.647347059573522454e-01,-7.514538714514238382e-01
7.114329398147313244e-01,9.619385715767637679e-01,-4.969972098988727494e-01,-6.719969787908031122e-01
4.745517679361510033e-01,1.114326722689727101e+00,-3.235013905530603751e-01,-7.596352361900022832e-01
6.349461683321143690e-01,1.025253209924114728e+00,-4.365989323299971359e-01,-7.049801686284636881e-01
8.032747812591407577e-01,8.847799251922503494e-01,-5.624835220027972760e-01,-6.195565205463062775e-01
5.583120614571374096e-01,1.076385379853430635e+00,-3.797220198080109022e-01,-7.320766624009903412e-01
5.807878108827950747e-01,1.050335256822706897e+00,-4.031796587561884415e-01,-7.291368766532720924e-01
7.042299450089398727e-01,9.590097396500643079e-01,-4.974641827271644723e-01,-6.774392366350648897e-01
4.244020547867787263e-01,1.136751207463776225e+00,-2.882538687855183412e-01,-7.720814018270177881e-01
9.425065497442919327e-01,7.292502766073275522e-01,-6.636787890322976002e-01,-5.135114876512297810e-01
9.228802935190130174e-01,7.685328592877929132e-01,-6.398445500612238712e-01,-5.328335267439893164e-01
8.590544067397531958e-01,8.508852841104728171e-01,-5.875964551152511595e-01,-5.820087444176431646e-01
7.511190177484037278e-01,9.043977106700989976e-01,-5.434562383707823852e-01,-6.543577864733990390e-01
8.582303896711819258e-01,8.060626800301039507e-01,-6.190814325565662246e-01,-5.814504411509050508e-01
5.925761104463712625e-01,1.049522799544191587e+00,-4.079291861489481863e-01,-7.224911263134257133e-01
7.602664625384956132e-01,9.313939969060671675e-01,-5.259540159847734264e-01,-6.443404217794908018e-01
7.862276661677480849e-01,8.791240482936012457e-01,-5.652194811948660913e-01,-6.320027389832684195e-01
3.633444948048548673e-01,1.167132228291678953e+00,-2.431671763835195343e-01,-7.810996244000356636e-01
3.316666315719594693e-01,1.179989833062018434e+00,-2.207609960043079578e-01,-7.854143468913007409e-01
7.267389258704806121e-01,9.310512611981945907e-01,-5.209575936773569449e-01,-6.674174278515574432e-01
5.673540989204332030e-01,1.077681894110595007e+00,-3.824973571980896936e-01,-7.265488646012995266e-01
4.726833628607400306e-01,1.125845551700613401e+00,-3.170333681249968838e-01,-7.551156551904032455e-01
8.986763614313966197e-01,7.992738869668937207e-01,-6.212944953314503138e-01,-5.525731926939209115e-01
8.206949584032426914e-01,8.805424640186899632e-01,-5.664280843251691122e-01,-6.077336968554966079e-01
7.769549482470130553e-01,9.288588065529139737e-01,-5.298247323843165990e-01,-6.334117180347145215e-01
8.061698694283627731e-01,8.627416284592357432e-01,-5.782174739745409298e-01,-6.187930162337951234e-01
7.376706869703825165e-01,9.610758534298911027e-01,-5.025604333986112282e-01,-6.547619499594656833e-01
6.242387826517458160e-01,1.030360441108258751e+00,-4.301189287039983156e-01,-7.099487270333635358e-01
4.034189455297076399e-01,1.161447863661831503e+00,-2.668630114863558833e-01,-7.683017320225642433e-01
8.732712836270123402e-01,8.331154230023181118e-01,-5.994925858577533351e-01,-5.719259623186657704e-01
8.941882177912916507e-01,8.000347091358156471e-01,-6.211244521398266993e-01,-5.557231805539325498e-01
7.335577882936153982e-01,9.540374580604104038e-01,-5.064976689605290572e-01,-6.587316722962971438e-01
4.365900392159604015e-01,1.140266435201635842e+00,-2.928525953120129643e-01,-7.648593758475488169e-01
7.406389528216916762e-01,9.564211803668830614e-01,-5.061472446632215849e-01,-6.536112411262661182e-01
5.852839211473997993e-01,1.061045877207783095e+00,-3.985927799541783556e-01,-7.225984015177809860e-01
4.773176065719309524e-01,1.107330004039732918e+00,-3.282762869972377096e-01,-7.615687693096218069e-01
5.496538671361363981e-01,1.046769279134753372e+00,-3.932150919413485157e-01,-7.488448693737764783e-01
7.320907887237779743e-01,9.660831637391785742e-01,-4.982671625150883465e-01,-6.575243455652093338e-01
9.526431818434759613e-01,7.239231514583861493e-01,-6.654423955377707367e-01,-5.056763804885672231e-01
7.254252337916924365e-01,9.496088515506563299e-01,-5.080013119640613972e-01,-6.649927793646920327e-01
3.705007722119373348e-01,1.165421914955390159e+00,-2.477472146615101734e-01,-7.792967113453660444e-01
9.525277961278995065e-01,7.034371635644859344e-01,-6.793419491813399436e-01,-5.016907388583176086e-01
4.440633556332329590e-01,1.128956032586349689e+00,-3.017280021092945130e-01,-7.670924516970482054e-01
8.391269914772185867e-01,8.561906775290589744e-01,-5.838637530543142606e-01,-5.957366493862856771e-01
8.809156950974200706e-01,8.246738192034077652e-01,-6.049832266108139400e-01,-5.663582006992916584e-01
5.274647844274155117e-01,1.091539079163571291e+00,-3.588985242323635139e-01,-7.427069564066183238e-01
6.076880873788239601e-01,1.051648567427191816e+00,-4.119222401119033705e-01,-7.128614871711873580e-01
6.309829744345175628e-01,1.008149936038474026e+00,-4.460801582163037016e-01,-7.127223731778673521e-01
8.524531640457159165e-01,8.108815859953649730e-01,-6.158429947634331825e-01,-5.858101833394416813e-01
8.172421616174658787e-01,8.870156404126837701e-01,-5.618014412557579274e-01,-6.097662218184741745e-01
3.219876760022371553e-01,1.171914578061153289e+00,-2.179923026114392592e-01,-7.934103581457853105e-01
7.508379843017172206e-01,9.484788981004591557e-01,-5.130883072770603404e-01,-6.481470603368126859e-01
9.350577685610027556e-01,7.378897469549645649e-01,-6.590416818415545386e-01,-5.200749260606917224e-01
4.621025668454170066e-01,1.131800725559975351e+00,-3.091997056774745123e-01,-7.573047118471492034e-01
8.738494924966049293e-01,8.141230747974764759e-01,-6.126218347120696572e-01,-5.707499701566733918e-01
5.510883023362496136e-01,1.046986364511378387e+00,-3.936685921190413162e-01,-7.479121700419300023e-01
8.930389986364262178e-01,7.803990022565859830e-01,-6.349184532969955885e-01,-5.548354867187538231e-01
7.694165783411062165e-01,9.308645443080431070e-01,-5.275357895592274193e-01,-6.382295055469028311e-01
4.370316757974287980e-01,1.128307092504829301e+00,-2.985039014257013235e-01,-7.706628324009522357e-01
5.583931434427323870e-01,1.086715858529758716e+00,-3.740690336456291565e-01,-7.279938083432027085e-01
3.803102455264370518e-01,1.157934595518903986e+00,-2.560238665147182568e-01,-7.795185530843081745e-01
7.674594610535154793e-01,9.372689204539871310e-01,-5.229824132445032303e-01,-6.386984417459885544e-01
4.294512150753131974e-01,1.131482132758866443e+00,-2.932047732729811673e-01,-7.725114065396514462e-01
8.096135821771262009e-01,8.599442256895980519e-01,-5.803772190830546185e-01,-6.164570966437528110e-01
4.795161603081776747e-01,1.103405658018763891e+00,-3.312857379270729985e-01,-7.623154085458248019e-01
8.202856758910720414e-01,8.714732422814038815e-01,-5.726915371407567124e-01,-6.084287040085426534e-01
8.832798878937181408e-01,8.214999810432339622e-01,-6.070461987674159454e-01,-5.645871117579490672e-01
8.427285420407140126e-01,8.663338325357182734e-01,-5.769245650813515924e-01,-5.930845398218196340e-01
4.145872984772951408e-01,1.134505173637023967e+00,-2.841615282486610883e-01,-7.775991332362647279e-01
5.938718241734329828e-01,1.057730427690656727e+00,-4.035888173920954003e-01,-7.188220674140618494e-01
7.303467201499290740e-01,9.451497922236576921e-01,-5.119081217179745069e-01,-6.624659788709991171e-01
6.005376877610169029e-01,1.054209407955870814e+00,-4.079731439006551996e-01,-7.161734146892683173e-01
7.814636274218872414e-01,9.220286346548146605e-01,-5.349478021520797100e-01,-6.311710159270061959e-01
6.825319927498370021e-01,1.006926621123483745e+00,-4.612478231164474085e-01,-6.804702445668876498e-01
8.867942985084892316e-01,8.018795751914380432e-01,-6.203896771130542609e-01,-5.609844487873723029e-01
6.229625605880072525e-01,1.038260728529355026e+00,-4.249207344651346197e-01,-7.081942627765238640e-01
5.312281589327048081e-01,1.102894408448512165e+00,-3.544878217490265992e-01,-7.359599258736224670e-01
6.639133565691063277e-01,1.008564776096306570e+00,-4.553639982906652062e-01,-6.917530494516254125e-01
8.363760347808009143e-01,8.614625514935515538e-01,-5.801549116651348870e-01,-5.975562542218786355e-01
8.354121718792869578e-01,8.470431009905337039e-01,-5.902323166064133986e-01,-5.984497576070314517e-01
4.592979998286346732e-01,1.134498468882515931e+00,-3.065989972488543658e-01,-7.573211576569429671e-01
7.844726651945438389e-01,8.846217120128918587e-01,-5.611581370902638533e-01,-6.327979214159710208e-01
9.452177524870459813e-01,7.129120911040603970e-01,-6.743462019863077916e-01,-5.086124966667173730e-01
4.171077709526334054e-01,1.154251087119110730e+00,-2.769135245444125371e-01,-7.662953294142045291e-01
5.934996534483103492e-01,1.034730994735767018e+00,-4.171027150031856312e-01,-7.271935285802552107e-01
9.094757499644926524e-01,7.875718382128946704e-01,-6.283446078583601047e-01,-5.441228288511150701e-01
6.030386208422873207e-01,1.056239553664113595e+00,-4.076520044840778456e-01,-7.140142544521251855e-01
4.440181717308271936e-01,1.139530388599724775e+00,-2.968667655307694053e-01,-7.618803063148020804e-01
8.656292793014298548e-01,8.019942641023023455e-01,-6.216328750976679585e-01,-5.759347703766253268e-01
7.005822107497517992e-01,9.567988453152821426e-01,-4.981813561793392853e-01,-6.803760344412398409e-01
7.664954251095666971e-01,9.068379504337935604e-01,-5.436637840786922027e-01,-6.432066461564694970e-01
5.106969802568439576e-01,1.095323430844917567e+00,-3.496619699268522230e-01,-7.499416745007072560e-01
3.900126415950873615e-01,1.145866368814175695e+00,-2.661985019636279870e-01,-7.820974970998934017e-01
9.060311731676248259e-01,7.892300822181350650e-01,-6.275424932431955538e-01,-5.466427957507702384e-01
4.524392431518585722e-01,1.135011012477285197e+00,-3.030502422251682981e-01,-7.602465247339847965e-01
8.296032257804296650e-01,8.642632148883208076e-01,-5.780432059488505026e-01,-6.021932702199124243e-01
3.147176906362303961e-01,1.173830237284964051e+00,-2.130898759618210792e-01,-7.947800428937590311e-01
7.134691626029165956e-01,9.584816631136268139e-01,-4.997243800050324980e-01,-6.713347681324041138e-01
5.747051522517080402e-01,1.039408197122477340e+00,-4.074029328869760991e-01,-7.368264340685716229e-01
6.342584676679032807e-01,1.035806314450931520e+00,-4.299537018585650183e-01,-7.021565844349731966e-01
8.443490019330140983e-01,8.323488797089768632e-01,-6.006481082643705394e-01,-5.921115307397830652e-01
5.782522502531454167e-01,1.068233693896509351e+00,-3.919028704733638624e-01,-7.239813607143494867e-01
8.335496418820600439e-01,8.325647916932449322e-01,-6.005534411045294618e-01,-5.998438790818886313e-01
4.670723458240914061e-01,1.109931832219526626e+00,-3.220954798535672348e-01,-7.654146714096845550e-01
7.627072554242724234e-01,9.185145113635329039e-01,-5.350862420157890265e-01,-6.443946542098680785e-01
7.142372912795235118e-01,9.366351200097878804e-01,-5.147952021324689875e-01,-6.750911382210428302e-01
6.630107369269850892e-01,9.895231350368370871e-01,-4.673238769004339765e-01,-6.974665144812154383e-01
4.226582821841633475e-01,1.125217762249526077e+00,-2.925466751512399433e-01,-7.788294445955878942e-01
7.095725026666638291e-01,9.689517769614112153e-01,-4.919521942175189566e-01,-6.717818841284207698e-01
6.834962724594207950e-01,1.002517495903191502e+00,-4.642659513654362469e-01,-6.809616346863441860e-01
4.580526756981340153e-01,1.126443619559596376e+00,-3.097697663286557157e-01,-7.617861336178255449e-01
9.162317459842289624e-01,7.766340588768670949e-01,-6.351072090289348049e-01,-5.383418460798353733e-01
9.490958115339931389e-01,7.222588598410558669e-01,-6.672304849890416945e-01,-5.077602529511527907e-01
4.349325077433534581e-01,1.122664483736372620e+00,-3.000482627968673044e-01,-7.744960931906527124e-01
3.735123355348500818e-01,1.161877569065383309e+00,-2.507684594057563721e-01,-7.800605771036076552e-01
4.209170647147255084e-01,1.118341493551681998e+00,-2.947889830685112011e-01,-7.832297125583533859e-01
8.426986970064628268e-01,8.466548993998805894e-01,-5.905529114066263574e-01,-5.933253695222567847e-01
6.996035193257534868e-01,9.683670156730853629e-01,-4.902000002369508169e-01,-6.785179007817029317e-01
7.629568247082647581e-01,9.334513342889689813e-01,-5.249337479846262200e-01,-6.422383175573823655e-01
4.145732252583552713e-01,1.147947820857885493e+00,-2.783014732564383364e-01,-7.706131276740688651e-01
3.181039252333217049e-01,1.177027007360329058e+00,-2.139833383005798062e-01,-7.917669300061856985e-01
3.859683058688044288e-01,1.142328928025163171e+00,-2.654734026656512813e-01,-7.857068647220150082e-01
7.860639026089991654e-01,8.804926055958381959e-01,-5.642293936206800309e-01,-6.320094426088265216e-01
7.837110423619010335e-01,8.906337929455789837e-01,-5.568377671891346914e-01,-6.328078919908755040e-01
5.588014590337336829e-01,1.082881176843270676e+00,-3.763249738503243180e-01,-7.292665829169774350e-01
9.308042503345538288e-01,7.509042012890616569e-01,-6.507966164230259976e-01,-5.250146991498055860e-01
8.322786157478992974e-01,8.343842254239058898e-01,-5.992423977670953139e-01,-6.007584412736053370e-01
8.355341885118093836e-01,8.354573826423751237e-01,-5.984745700683063996e-01,-5.984195557309874847e-01
9.562532182592321517e-01,7.204101847382803347e-01,-6.671172355768262285e-01,-5.025845055966192687e-01
6.287582540871708980e-01,1.009690604172603035e+00,-4.444111501781985440e-01,-7.136570531005015372e-01
9.830032478169421495e-01,6.814090939152036563e-01,-6.871199551425973828e-01,-4.763054314261677136e-01
5.764043197441326427e-01,1.036353156250722662e+00,-4.098817438769730703e-01,-7.369518659142133554e-01
3.736114651460827885e-01,1.161629363713969854e+00,-2.509196896658005271e-01,-7.801572131514302733e-01
6.144084893433240380e-01,1.006401539016887003e+00,-4.419118143920259811e-01,-7.238518637481977658e-01
7.190308315479100321e-01,9.448073709214616089e-01,-5.100716595600814918e-01,-6.702347695063983757e-01
6.307012692527406150e-01,1.014478402660063727e+00,-4.419923887980507504e-01,-7.109415414797087829e-01
3.212927894065437662e-01,1.174525197643399910e+00,-2.166887756549407407e-01,-7.921323958851411717e-01
6.171711895528541048e-01,1.018127305694533247e+00,-4.353992091324092595e-01,-7.182639617650967701e-01
6.555590860684669119e-01,1.015308418691571513e+00,-4.488258875405466974e-01,-6.951268189714945311e-01
7.741615685007540160e-01,8.905393627262433442e-01,-5.559961789825180745e-01,-6.395777096868839884e-01
7.589997728042470193e-01,9.055367026362739491e-01,-5.436659789990545555e-01,-6.486293087274700442e-01
5.221508669678750492e-01,1.100133646894959849e+00,-3.521062397560414947e-01,-7.418620673498133034e-01
7.523801095868707378e-01,9.422328741562098209e-01,-5.174985724687325428e-01,-6.480822141572711859e-01
7.854642990653202261e-01,9.030539324060010697e-01,-5.483322302533996107e-01,-6.304214938661470979e-01
4.432759659278592834e-01,1.131517891964088696e+00,-3.001544320975679248e-01,-7.661820995862230754e-01
4.602937105314636179e-01,1.119468650790879316e+00,-3.141764254577297799e-01,-7.641005103271438781e-01
5.393990745955109523e-01,1.081126478577530081e+00,-3.695056258225367651e-01,-7.406062317768579151e-01
4.915766385980779862e-01,1.086696880642447960e+00,-3.455583122584950373e-01,-7.639035514020944273e-01
7.045531741926577274e-01,9.545244004704547258e-01,-5.005663688905254149e-01,-6.781643042179349434e-01
4.592135611029519171e-01,1.137708719830562210e+00,-3.050729457629676178e-01,-7.558229546733941095e-01
3.217257225120768727e-01,1.179846385873112746e+00,-2.151227388955680164e-01,-7.889073463671643083e-01
3.818434127822818991e-01,1.138816947893126041e+00,-2.646712281769236785e-01,-7.893604293742979561e-01
7.341339100088091207e-01,9.376113606666555134e-01,-5.177001986242912857e-01,-6.611894383733003533e-01
4.767938346317165954e-01,1.123759306589814377e+00,-3.199599279010504893e-01,-7.541161831346665512e-01
9.029941027268237885e-01,7.574391009377976491e-01,-6.500511700543890603e-01,-5.452684268066745332e-01
8.955748315163858386e-01,7.928288107521045402e-01,-6.259995271052678500e-01,-5.541808938130801110e-01
5.026952354837821435e-01,1.111997669048899517e+00,-3.375512283791286539e-01,-7.466873617390660245e-01
3.384127964457595561e-01,1.168219488789340454e+00,-2.287716815425936134e-01,-7.897323613884144056e-01
3.592523465170469610e-01,1.175867206327645409e+00,-2.376438335188240103e-01,-7.778309406463738140e-01
4.104728784377975059e-01,1.130509381168725236e+00,-2.837619671561772972e-01,-7.815268261081054213e-01
6.032202419702569207e-01,1.027741253598014604e+00,-4.247650741275794117e-01,-7.236968513235950695e-01
3.915887950486269808e-01,1.163277825165376367e+00,-2.599229723757167654e-01,-7.721432120604906357e-01
3.806920173006535513e-01,1.158596489058652201e+00,-2.559665997650130698e-01,-7.790076763543323235e-01
8.566135880426163363e-01,8.222738146459878106e-01,-6.075613798677613753e-01,-5.832055671647717876e-01
9.028411721711018245e-01,7.608158157561534241e-01,-6.476794900034290592e-01,-5.457934515220601579e-01
8.324809720082164688e-01,8.702881061524225803e-01,-5.739562011400509700e-01,-6.000224294612271914e-01
8.018037722513273735e-01,9.079427836070503854e-01,-5.464672734450277680e-01,-6.188060402967408002e-01
3.186709933336326905e-01,1.187187193019636933e+00,-2.109056600786476110e-01,-7.857147459875121198e-01
7.935135929031361668e-01,9.046959025095346885e-01,-5.479542142706363972e-01,-6.247302337944828921e-01
9.568450296314923165e-01,7.246471856380097831e-01,-6.641685581033247576e-01,-5.029945931831685257e-01
5.781849697909583474e-01,1.061419065829580566e+00,-3.957708863178976411e-01,-7.265473618070125150e-01
7.938525415372897909e-01,8.831036031060329750e-01,-5.629865073655453411e-01,-6.262818182729725791e-01
7.330769447154965590e-01,9.333230578832916180e-01,-5.204687286340174968e-01,-6.626391251874023114e-01
9.824269156474725317e-01,6.808619731560116017e-01,-6.876197854749942495e-01,-4.765485925343015405e-01
7.470858980183827658e-01,9.396547685405649553e-01,-5.184178056420475356e-01,-6.520451857811661034e-01
6.995543474828951336e-01,9.773761385174407623e-01,-4.842411626377512435e-01,-6.765532361467508915e-01
6.974657180699083137e-01,9.928758405924040797e-01,-4.737378651659483464e-01,-6.743885310932895560e-01
5.580227412195984948e-01,1.055020812248958828e+00,-3.917438254046181068e-01,-7.406470352240527300e-01
8.748899040852864406e-01,7.960425216681877858e-01,-6.253161844433036132e-01,-5.689610429607292463e-01
4.508536236801772845e-01,1.107501406491923523e+00,-3.153201025758172182e-01,-7.745694805496785573e-01
9.593919545629475687e-01,7.237343931499555794e-01,-6.642956304740135209e-01,-5.011232298818832920e-01
8.063386072991485243e-01,8.547158536842913712e-01,-5.839981614285104650e-01,-6.190358276002059235e-01
8.965277040382190199e-01,7.985609441461019031e-01,-6.219574373235828846e-01,-5.539939436680667573e-01
7.919825052469668947e-01,9.071205035174815245e-01,-5.461556976352492931e-01,-6.255555244662092118e-01
9.211880497780697841e-01,7.527576565654132690e-01,-6.509097922106580336e-01,-5.318971842264117456e-01
3.842659013345958718e-01,1.148064475647035509e+00,-2.621700692965480695e-01,-7.832809054665662574e-01
9.217574282263832908e-01,7.530921758712785241e-01,-6.505981502307096598e-01,-5.315502339024709144e-01
5.951636749301902896e-01,1.048283854564880935e+00,-4.095767384407174583e-01,-7.214027001280082230e-01
6.932608420223329571e-01,9.831055594756549221e-01,-4.790667012154226634e-01,-6.793592090830544716e-01
4.199642611006375592e-01,1.134774304323129090e+00,-2.868446300372577973e-01,-7.750752758015112542e-01
7.309066627378177916e-01,9.458917444263412744e-01,-5.115042204856550256e-01,-6.619554097157890338e-01
5.750946987936125243e-01,1.068398879649519850e+00,-3.906335835806200585e-01,-7.257108854011350418e-01
6.071693219524803009e-01,1.028913724837426269e+00,-4.253917525728158622e-01,-7.208720810322372108e-01
5.435045605296685567e-01,1.057791005030688236e+00,-3.842871047837845833e-01,-7.479154220774625328e-01
8.749489786848069217e-01,8.219814241379841402e-01,-6.071021019939357721e-01,-5.703494289967154796e-01
4.596690726577633002e-01,1.118932161761996502e+00,-3.141307678426742411e-01,-7.646610138591037886e-01
5.501509206522681161e-01,1.075362901130567872e+00,-3.770555155212644283e-01,-7.370186940294400912e-01
4.394643347480815532e-01,1.121549321486698725e+00,-3.028696037363682314e-01,-7.729482729564139953e-01
8.763366888288597334e-01,8.118388651703590808e-01,-6.140904041018526716e-01,-5.688937404233409545e-01
8.256040214046855841e-01,8.415695705848275088e-01,-5.940189832476771015e-01,-6.055061357385804754e-01
4.505580590223914328e-01,1.127686010912252623e+00,-3.055297266355996855e-01,-7.646996691001096691e-01
8.571332608257502539e-01,8.347591325379375427e-01,-5.987657138775317467e-01,-5.831358678443334664e-01
3.444923274280857206e-01,1.157558340476763092e+00,-2.361774877122514160e-01,-7.936003184025516299e-01
6.544751988225078199e-01,1.000743659843100541e+00,-4.577307694057909937e-01,-6.999060716465398402e-01
